{"show-item-id":false,"copy-item-id":{"button":null,"modifiers":{"modifiers":0}},"copy-texture-pack-id":{"button":null,"modifiers":{"modifiers":0}},"copy-nbt-data":{"button":null,"modifiers":{"modifiers":0}},"copy-lore":{"button":null,"modifiers":{"modifiers":0}},"copy-skull-texture":{"button":null,"modifiers":{"modifiers":0}},"entity-data":{"button":null,"modifiers":{"modifiers":0}},"copy-item-stack":{"button":null,"modifiers":{"modifiers":0}},"copy-title":{"button":null,"modifiers":{"modifiers":0}},"export-item-stack":{"button":null,"modifiers":{"modifiers":0}},"export-recipe":{"button":null,"modifiers":{"modifiers":0}},"export-npc-location":{"button":null,"modifiers":{"modifiers":0}},"highlight-non-overlay":false,"dont-highlight-semicolon-items":false,"slot-numbers":{"button":null,"modifiers":{"modifiers":0}},"copy-animated-skins":false}