{
	"MODVERSION": "0.4.0-beta.1",
	"firstLoad": false,
	"flipHelper": {
		"flip_price": 0.0,
		"order_price": -1.0,
		"order_volume_filled": -1,
		"item": null,
		"should_add_to_sign": false,
		"enabled": true,
		"replace_item": "minecraft:cherry_sign",
		"slot_number": 17
	},
	"watchedOrders": [],
	"bzTax": 0.01125,
	"customOrders": [],
	"developerMode": false,
	"outdatedItems": {
		"auto_open_enabled": false,
		"notify_outdated": true,
		"notification_sound": true
	},
	"restrictSell": {
		"enabled": true,
		"safety_clicks_required": 3,
		"controls": [
			{
				"enabled": true,
				"rule": "PRICE",
				"amount": 1000000.0,
				"name": null
			}
		],
		"locked": false,
		"safety_clicks": 0
	},
	"developer": {
		"all_messages": false,
		"error_messages": false,
		"gui_messages": false,
		"feature_messages": false,
		"bazaar_data_messages": false,
		"command_messages": false,
		"item_data_messages": false
	},
	"stashMessages": {
		"remove_messages": false,
		"stash_previously_claimed": false
	},
	"bookmarks": [],
	"priceCharts": {
		"show_outside_bazaar": false
	},
	"orderStatusHighlight": {
		"enabled": true
	},
	"disableErrorNotifications": false,
	"orderFilledSound": true
}