{
  "name": "4k default configs",
  "description": "Includes pre-configured settings for mods in the SkyBlock Enhanced modpack to improve gameplay and give you a smooth start without overlapping features or confusion.",
  "version": "2.1.1",
  "author": "Kd_Gaming1",
  "createdDate": "2025-10-07T12:03:10.8911082",
  "targetResolution": "3840x2160",
  "mods": [
    "BadOptimizations-2.3.1-1.21.2-21.5",
    "BetterF3-14.0.0-Fabric-1.21.5",
    "Controlling-fabric-1.21.5-23.0.2",
    "Firmament-3.7.1+mc1.21.5",
    "Gamma-Utils-2.2.6+mc1.21.5",
    "HypixelModAPI-1.0.1+build.1+mc1.21",
    "ImmediatelyFast-Fabric-1.9.7+1.21.5",
    "NoChatReports-FABRIC-1.21.5-v2.12.0",
    "RoughlyEnoughItems-19.0.809-fabric",
    "ScalableLux-0.1.3.1+fabric.ce1e005-all",
    "Searchables-fabric-1.21.5-1.0.3",
    "SkyBlockPV-1.5.0-1.21.5",
    "SkyHanni-4.22.0-mc1.21.5",
    "SkyOcean-1.9.0-1.21.5",
    "SkyblockTweaks-0.1.0-Alpha.17+mc1.21.5",
    "Zoomify-2.14.2+1.21.3",
    "architectury-16.1.4-fabric",
    "authme-fabric-9.0.1+1.21.5",
    "bazaarutils-v0.6.0-beta+mc1.21.5",
    "c2me-fabric-mc1.21.5-0.3.4+alpha.0.20",
    "centered-crosshair+1.21.3-1.1.0",
    "chatplus-fabric-2.7.0",
    "cloth-config-18.0.145-fabric",
    "continuity-3.0.1-test.4+1.21.5",
    "cwb-fabric-3.0.0+mc1.21.5",
    "emoji-type-2.3.0-1.21.3-fabric",
    "entityculling-fabric-1.8.2-mc1.21.5",
    "fabric-api-0.128.2+1.21.5",
    "fabric-language-kotlin-1.13.6+kotlin.2.2.20",
    "ferritecore-8.0.0-fabric",
    "fzzy_config-0.7.2+1.21.5",
    "iris-fabric-1.8.11+mc1.21.5",
    "krypton-0.2.9",
    "lazy-language-loader-0.3.8",
    "lithium-fabric-0.16.3+mc1.21.5",
    "modelfix-1.21.5-1.12-fabric",
    "modernwarpmenu-0.1.5+1.21.5",
    "modmenu-14.0.0-rc.2",
    "moreculling-fabric-1.21.5-1.3.1",
    "no-resource-pack-warnings-1.3.1",
    "nodoublesneak-mc1.20-1.1",
    "owo-lib-0.12.21+1.21.5",
    "packcore-3.0.0+beta1+1.21.5-fabric",
    "particle_core-0.2.6+1.21.5",
    "placeholder-api-2.6.4+1.21.5",
    "reeses-sodium-options-fabric-1.8.3+mc1.21.4",
    "rei-search-bar-calculations-1.0.2+1.21.5",
    "scaleme-2.1.1+1.21.5",
    "skinlayers3d-fabric-1.9.0-mc1.21.5",
    "skyblocker-5.6.0+1.21.5",
    "sodium-extra-fabric-0.6.3+mc1.21.5",
    "sodium-fabric-0.6.13+mc1.21.5",
    "soundcontroller-1.2.3-mc1.21.4",
    "threadtweak-fabric-0.1.7+mc1.21.5",
    "tooltip-scroll-1.4.0+1.21.3",
    "vistas-2.10.0",
    "vmp-fabric-mc1.21.5-0.2.0+beta.7.198-all",
    "waveycapes-fabric-1.6.2-mc1.21.5",
    "yet_another_config_lib_v3-3.8.0+1.21.5-fabric",
    "zen-1.21.5-fabric-1.1.7"
  ],
  "source": "Community"
}