{
  "configVersion": 11,
  "lastFeatureId": 263,
  "features": {
    "DROP_CONFIRMATION": {
      "value": false,
      "anchorPoint": "BOTTOM_MIDDLE",
      "color": -43691,
      "settings": {
        "DROP_CONFIRMATION_IN_OTHER_GAMES": false
      }
    },
    "SHOW_BACKPACK_PREVIEW": {
      "value": true,
      "settings": {
        "BACKPACK_STYLE": "GUI",
        "SHOW_ONLY_WHEN_HOLDING_SHIFT": false,
        "MAKE_INVENTORY_COLORED": true,
        "CAKE_BAG_PREVIEW": true,
        "PERSONAL_COMPACTOR_PREVIEW": true,
        "ENDER_CHEST_PREVIEW": true,
        "BUILDERS_TOOL_PREVIEW": true,
        "FARMING_TOOLS_PREVIEW": true
      }
    },
    "HIDE_BONES": {
      "value": true
    },
    "SKELETON_BAR": {
      "value": true,
      "anchorPoint": "BOTTOM_MIDDLE",
      "coords": [
        172.25,
        -10.248962
      ]
    },
    "HIDE_FOOD_ARMOR_BAR": {
      "value": false
    },
    "FULL_INVENTORY_WARNING": {
      "value": true,
      "anchorPoint": "BOTTOM_MIDDLE",
      "color": -43691,
      "settings": {
        "REPEATING_FULL_INVENTORY_WARNING": false
      }
    },
    "SHOW_REFORGE_OVERLAY": {
      "value": true
    },
    "MINION_STOP_WARNING": {
      "value": false,
      "anchorPoint": "BOTTOM_MIDDLE",
      "color": -43691
    },
    "HIDE_HEALTH_BAR": {
      "value": false,
      "settings": {
        "HIDE_ONLY_OUTSIDE_RIFT": false
      }
    },
    "MINION_FULL_WARNING": {
      "value": true,
      "anchorPoint": "BOTTOM_MIDDLE",
      "color": -43691
    },
    "MANA_BAR": {
      "value": false,
      "anchorPoint": "BOTTOM_MIDDLE",
      "coords": [
        49.0,
        -35.833344
      ],
      "color": -11141121
    },
    "MANA_TEXT": {
      "value": false,
      "anchorPoint": "BOTTOM_MIDDLE",
      "coords": [
        49.166656,
        -46.833344
      ],
      "color": -11141121,
      "settings": {
        "MANA_TEXT_ICON": false
      }
    },
    "HEALTH_BAR": {
      "value": false,
      "anchorPoint": "BOTTOM_MIDDLE",
      "coords": [
        -48.0,
        -44.0
      ],
      "color": -43691,
      "settings": {
        "CHANGE_BAR_COLOR_WITH_POTIONS": true,
        "HEALTH_PREDICTION": false,
        "HIDE_HEALTH_BAR_ON_RIFT": false
      }
    },
    "HEALTH_TEXT": {
      "value": false,
      "anchorPoint": "BOTTOM_MIDDLE",
      "coords": [
        -122.0,
        -52.333344
      ],
      "color": -43691,
      "settings": {
        "HIDE_HEALTH_TEXT_ON_RIFT": false,
        "HEART_INSTEAD_HEALTH_ON_RIFT": false,
        "HEALTH_TEXT_ICON": false
      }
    },
    "DEFENCE_ICON": {
      "value": false,
      "anchorPoint": "BOTTOM_MIDDLE",
      "coords": [
        114.0,
        -11.6875
      ],
      "guiScale": 1.625,
      "settings": {
        "USE_VANILLA_TEXTURE": false
      }
    },
    "DEFENCE_TEXT": {
      "value": false,
      "anchorPoint": "BOTTOM_MIDDLE",
      "coords": [
        113.97919,
        -25.333344
      ],
      "color": -11141291,
      "settings": {
        "DEFENCE_TEXT_ICON": false
      }
    },
    "DEFENCE_PERCENTAGE": {
      "value": false,
      "anchorPoint": "BOTTOM_MIDDLE",
      "coords": [
        114.0,
        -8.0
      ],
      "color": -11141291
    },
    "HEALTH_UPDATES": {
      "value": false,
      "anchorPoint": "BOTTOM_MIDDLE",
      "coords": [
        -122.0,
        -41.0
      ],
      "settings": {
        "HIDE_HEALTH_UPDATES_ON_RIFT": false
      }
    },
    "HIDE_PLAYERS_IN_LOBBY": {
      "value": false
    },
    "DARK_AUCTION_TIMER": {
      "value": false,
      "anchorPoint": "TOP_RIGHT",
      "coords": [
        -41.0,
        29.0
      ],
      "color": -22016,
      "settings": {
        "DARK_AUCTION_TIMER_IN_OTHER_GAMES": true
      }
    },
    "ITEM_PICKUP_LOG": {
      "value": false,
      "anchorPoint": "TOP_LEFT",
      "coords": [
        84.5,
        17.0
      ],
      "settings": {
        "RENDER_ITEM_ON_LOG": true
      }
    },
    "DONT_RESET_CURSOR_INVENTORY": {
      "value": false
    },
    "LOCK_SLOTS": {
      "value": false,
      "settings": {
        "DRAW_LOCK_ONLY_WHEN_HOVERED": false
      }
    },
    "SUMMONING_EYE_ALERT": {
      "value": true,
      "anchorPoint": "BOTTOM_MIDDLE",
      "color": -43691
    },
    "MAKE_ENDERCHESTS_GREEN_IN_END": {
      "value": true,
      "anchorPoint": "BOTTOM_MIDDLE",
      "color": -11141291
    },
    "STOP_DROPPING_SELLING_RARE_ITEMS": {
      "value": false,
      "anchorPoint": "BOTTOM_MIDDLE",
      "color": -43691
    },
    "REPLACE_ROMAN_NUMERALS_WITH_NUMBERS": {
      "value": false,
      "settings": {
        "DONT_REPLACE_ROMAN_NUMERALS_IN_ITEM_NAME": false
      }
    },
    "FISHING_SOUND_INDICATOR": {
      "value": false
    },
    "AVOID_BLINKING_NIGHT_VISION": {
      "value": true
    },
    "MINION_DISABLE_LOCATION_WARNING": {
      "value": true
    },
    "ENCHANTMENT_LORE_PARSING": {
      "value": false,
      "settings": {
        "HIGHLIGHT_ENCHANTMENTS": true,
        "PERFECT_ENCHANT_COLOR": "CHROMA",
        "GREAT_ENCHANT_COLOR": "GOLD",
        "GOOD_ENCHANT_COLOR": "BLUE",
        "POOR_ENCHANT_COLOR": "GRAY",
        "COMMA_ENCHANT_COLOR": "BLUE",
        "HIDE_ENCHANTMENT_LORE": false,
        "HIDE_GREY_ENCHANTS": true,
        "ENCHANT_LAYOUT": "NORMAL"
      }
    },
    "SHOW_ITEM_COOLDOWNS": {
      "value": true
    },
    "SKILL_DISPLAY": {
      "value": true,
      "anchorPoint": "BOTTOM_MIDDLE",
      "coords": [
        0.1666565,
        -71.0
      ],
      "color": -11141121,
      "settings": {
        "SKILL_ACTIONS_LEFT_UNTIL_NEXT_LEVEL": false,
        "SHOW_SKILL_PERCENTAGE_INSTEAD_OF_XP": false,
        "SHOW_SKILL_XP_GAINED": true,
        "ABBREVIATE_SKILL_XP_DENOMINATOR": false
      }
    },
    "SPEED_PERCENTAGE": {
      "value": false,
      "anchorPoint": "BOTTOM_MIDDLE",
      "coords": [
        -110.0,
        -11.0
      ],
      "color": -1
    },
    "SLAYER_ARMOR_PROGRESS": {
      "value": false,
      "anchorPoint": "BOTTOM_MIDDLE",
      "coords": [
        231.0,
        -33.0
      ],
      "color": -11141121
    },
    "SPECIAL_ZEALOT_ALERT": {
      "value": true,
      "anchorPoint": "BOTTOM_MIDDLE",
      "color": -43691
    },
    "ENABLE_MESSAGE_WHEN_MINING_DEEP_CAVERNS": {
      "value": true
    },
    "ENABLE_MESSAGE_WHEN_BREAKING_STEMS": {
      "value": true
    },
    "ENABLE_MESSAGE_WHEN_MINING_NETHER": {
      "value": true
    },
    "HIDE_PET_HEALTH_BAR": {
      "value": false
    },
    "DISABLE_MAGICAL_SOUP_MESSAGES": {
      "value": false
    },
    "DEPLOYABLE_STATUS_DISPLAY": {
      "value": true,
      "anchorPoint": "TOP_MIDDLE",
      "coords": [
        109.147156,
        31.0
      ],
      "settings": {
        "DEPLOYABLE_DISPLAY_STYLE": "COMPACT",
        "EXPAND_DEPLOYABLE_STATUS": false
      }
    },
    "ZEALOT_COUNTER": {
      "value": false,
      "anchorPoint": "TOP_MIDDLE",
      "coords": [
        161.66669,
        59.0
      ],
      "color": -16733526,
      "settings": {
        "COUNTER_ZEALOT_SPAWN_AREAS_ONLY": true
      }
    },
    "TICKER_CHARGES_DISPLAY": {
      "value": true,
      "anchorPoint": "BOTTOM_MIDDLE",
      "coords": [
        169.25,
        -29.0
      ]
    },
    "NO_ARROWS_LEFT_ALERT": {
      "value": true
    },
    "SBA_BUTTON_IN_PAUSE_MENU": {
      "value": true
    },
    "SHOW_TOTAL_ZEALOT_COUNT": {
      "value": false,
      "anchorPoint": "TOP_RIGHT",
      "coords": [
        -71.0,
        87.0
      ],
      "color": -16733526,
      "settings": {
        "TOTAL_ZEALOT_SPAWN_AREAS_ONLY": true
      }
    },
    "SHOW_SUMMONING_EYE_COUNT": {
      "value": false,
      "anchorPoint": "TOP_RIGHT",
      "coords": [
        -71.0,
        103.0
      ],
      "color": -16733526,
      "settings": {
        "EYE_ZEALOT_SPAWN_AREAS_ONLY": true
      }
    },
    "SHOW_AVERAGE_ZEALOTS_PER_EYE": {
      "value": false,
      "anchorPoint": "TOP_RIGHT",
      "coords": [
        -71.0,
        119.0
      ],
      "color": -16733526,
      "settings": {
        "AVERAGE_ZEALOT_SPAWN_AREAS_ONLY": true
      }
    },
    "TURN_BOW_COLOR_WHEN_USING_ARROW_POISON": {
      "value": true
    },
    "BIRCH_PARK_RAINMAKER_TIMER": {
      "value": true,
      "anchorPoint": "TOP_MIDDLE",
      "coords": [
        0.0,
        55.0
      ],
      "color": -16733526
    },
    "DISCORD_RPC": {
      "value": false,
      "settings": {
        "DISCORD_RP_DETAILS": "LOCATION",
        "DISCORD_RP_STATE": "AUTO_STATUS",
        "DISCORD_RP_CUSTOM_DETAILS": "",
        "DISCORD_RP_CUSTOM_STATE": "",
        "DISCORD_RP_AUTO_MODE": "NONE"
      }
    },
    "ENDSTONE_PROTECTOR_DISPLAY": {
      "value": false,
      "anchorPoint": "TOP_MIDDLE",
      "coords": [
        189.66669,
        43.0
      ],
      "color": -1
    },
    "FANCY_WARP_MENU": {
      "value": false,
      "settings": {
        "DOUBLE_WARP": false
      }
    },
    "LEGENDARY_SEA_CREATURE_WARNING": {
      "value": false,
      "anchorPoint": "BOTTOM_MIDDLE",
      "coords": [
        36.0,
        100.0
      ],
      "color": -43691
    },
    "ENABLE_MESSAGE_WHEN_BREAKING_PARK": {
      "value": true
    },
    "BOSS_APPROACH_ALERT": {
      "value": false,
      "settings": {
        "REPEATING_BOSS_APPROACH_ALERT": false
      }
    },
    "DISABLE_TELEPORT_PAD_MESSAGES": {
      "value": true
    },
    "BAIT_LIST": {
      "value": false,
      "anchorPoint": "BOTTOM_LEFT",
      "coords": [
        15.5,
        -164.0
      ],
      "color": -11141121
    },
    "ZEALOT_COUNTER_EXPLOSIVE_BOW_SUPPORT": {
      "value": false
    },
    "DISABLE_ENDERMAN_TELEPORTATION_EFFECT": {
      "value": true
    },
    "CHANGE_ZEALOT_COLOR": {
      "value": false,
      "anchorPoint": "BOTTOM_MIDDLE",
      "color": -43521
    },
    "HIDE_SVEN_PUP_NAMETAGS": {
      "value": false
    },
    "DUNGEONS_MAP_DISPLAY": {
      "value": false,
      "anchorPoint": "TOP_LEFT",
      "coords": [
        41.430992,
        70.666664
      ],
      "guiScale": 1.14,
      "color": -16777216,
      "settings": {
        "ROTATE_MAP": true,
        "CENTER_ROTATION_ON_PLAYER": true,
        "SHOW_PLAYER_HEADS_ON_MAP": false,
        "CHANGE_DUNGEON_MAP_ZOOM_WITH_KEYBOARD": true,
        "DUNGEON_MAP_ZOOM": 1.1
      }
    },
    "MAKE_DROPPED_ITEMS_GLOW": {
      "value": true,
      "settings": {
        "SHOW_GLOWING_ITEMS_ON_ISLAND": true
      }
    },
    "SHOW_BASE_STAT_BOOST_PERCENTAGE": {
      "value": true,
      "anchorPoint": "BOTTOM_MIDDLE",
      "color": -43691,
      "settings": {
        "BASE_STAT_COLOR_BY_RARITY": true
      }
    },
    "SHOW_HEALING_CIRCLE_WALL": {
      "value": false,
      "anchorPoint": "BOTTOM_MIDDLE",
      "color": -11141291,
      "settings": {
        "HEALING_CIRCLE_OPACITY": 0.2
      }
    },
    "SHOW_CRITICAL_DUNGEONS_TEAMMATES": {
      "value": false
    },
    "SHOW_ITEM_DUNGEON_FLOOR": {
      "value": true,
      "anchorPoint": "BOTTOM_MIDDLE",
      "color": -43691
    },
    "SHOW_DUNGEON_MILESTONE": {
      "value": false,
      "anchorPoint": "TOP_MIDDLE",
      "coords": [
        0.0,
        51.5
      ],
      "color": -171
    },
    "DUNGEONS_COLLECTED_ESSENCES_DISPLAY": {
      "value": false,
      "anchorPoint": "BOTTOM_RIGHT",
      "coords": [
        -93.5,
        -47.333344
      ],
      "color": -171,
      "settings": {
        "SHOW_SALVAGE_ESSENCES_COUNTER": true,
        "RESET_SALVAGED_ESSENCES_AFTER_LEAVING_MENU": true
      }
    },
    "STOP_BONZO_STAFF_SOUNDS": {
      "value": false,
      "coords": [
        -213.33331,
        82.33333
      ]
    },
    "REVENANT_SLAYER_TRACKER": {
      "value": false,
      "anchorPoint": "TOP_RIGHT",
      "coords": [
        -189.0,
        31.0
      ],
      "color": -1,
      "settings": {
        "REVENANT_TRACKER_TEXT_MODE": false,
        "REVENANT_TRACKER_COLOR_BY_RARITY": true,
        "HIDE_WHEN_NOT_IN_CRYPTS": true
      }
    },
    "TARANTULA_SLAYER_TRACKER": {
      "value": false,
      "anchorPoint": "TOP_RIGHT",
      "coords": [
        -180.0,
        31.0
      ],
      "color": -1,
      "settings": {
        "TARANTULA_TRACKER_TEXT_MODE": false,
        "TARANTULA_TRACKER_COLOR_BY_RARITY": true,
        "HIDE_WHEN_NOT_IN_SPIDERS_DEN": true
      }
    },
    "SVEN_SLAYER_TRACKER": {
      "value": false,
      "anchorPoint": "TOP_RIGHT",
      "coords": [
        -172.0,
        31.0
      ],
      "color": -1,
      "settings": {
        "SVEN_TRACKER_TEXT_MODE": false,
        "SVEN_TRACKER_COLOR_BY_RARITY": true,
        "HIDE_WHEN_NOT_IN_CASTLE": true
      }
    },
    "DRAGON_STATS_TRACKER": {
      "value": true,
      "anchorPoint": "TOP_RIGHT",
      "coords": [
        -75.58331,
        51.5
      ],
      "color": -1,
      "settings": {
        "DRAGON_TRACKER_TEXT_MODE": true,
        "DRAGON_TRACKER_COLOR_BY_RARITY": true,
        "DRAGONS_NEST_ONLY": true
      }
    },
    "DUNGEON_DEATH_COUNTER": {
      "value": false,
      "anchorPoint": "TOP_LEFT",
      "coords": [
        41.5,
        143.0
      ],
      "color": -43691
    },
    "ROCK_PET_TRACKER": {
      "value": false,
      "anchorPoint": "TOP_LEFT",
      "coords": [
        202.66667,
        9.333333
      ],
      "color": -5592406,
      "settings": {
        "SHOW_ONLY_HOLDING_MINING_TOOL": false
      }
    },
    "DOLPHIN_PET_TRACKER": {
      "value": false,
      "anchorPoint": "TOP_LEFT",
      "coords": [
        202.66667,
        25.333336
      ],
      "color": -11141121,
      "settings": {
        "SHOW_ONLY_HOLDING_FISHING_ROD": false
      }
    },
    "SHOW_DUNGEON_TEAMMATE_NAME_OVERLAY": {
      "value": false,
      "settings": {
        "CLASS_COLORED_TEAMMATE": true,
        "HEALER_COLOR": -43521,
        "MAGE_COLOR": -11141121,
        "BERSERK_COLOR": -5636096,
        "ARCHER_COLOR": -22016,
        "TANK_COLOR": -16733696
      }
    },
    "SHOW_STACKING_ENCHANT_PROGRESS": {
      "value": false,
      "anchorPoint": "BOTTOM_MIDDLE",
      "color": -43691
    },
    "DUNGEONS_SECRETS_DISPLAY": {
      "value": false,
      "anchorPoint": "TOP_LEFT",
      "coords": [
        41.48,
        120.96
      ],
      "color": -5592406
    },
    "SKILL_PROGRESS_BAR": {
      "value": false,
      "anchorPoint": "BOTTOM_MIDDLE",
      "coords": [
        0.16668701,
        -60.5
      ],
      "color": -11141291
    },
    "DISABLE_MORT_MESSAGES": {
      "value": true
    },
    "DISABLE_BOSS_MESSAGES": {
      "value": true
    },
    "SHOW_SWORD_KILLS": {
      "value": true,
      "anchorPoint": "BOTTOM_MIDDLE",
      "color": -43691
    },
    "HIDE_OTHER_PLAYERS_PRESENTS": {
      "value": true
    },
    "COMPACT_TAB_LIST": {
      "value": false
    },
    "CANDY_POINTS_COUNTER": {
      "value": true,
      "anchorPoint": "TOP_MIDDLE",
      "coords": [
        0.0,
        31.0
      ],
      "color": -22016
    },
    "SHOW_EXPERIMENTATION_TABLE_TOOLTIPS": {
      "value": false
    },
    "DRILL_FUEL_BAR": {
      "value": false,
      "anchorPoint": "BOTTOM_MIDDLE",
      "coords": [
        49.0,
        -36.0
      ],
      "color": -16733696
    },
    "DRILL_FUEL_TEXT": {
      "value": false,
      "anchorPoint": "BOTTOM_MIDDLE",
      "coords": [
        49.0,
        -33.0
      ],
      "color": -16733696,
      "settings": {
        "ABBREVIATE_DRILL_FUEL_DENOMINATOR": false
      }
    },
    "FISHING_PARTICLE_OVERLAY": {
      "value": true,
      "anchorPoint": "BOTTOM_MIDDLE",
      "color": -1,
      "settings": {
        "BIGGER_WAKE": true
      }
    },
    "REFORGE_FILTER": {
      "value": true
    },
    "TREVOR_THE_TRAPPER_FEATURES": {
      "value": true,
      "anchorPoint": "BOTTOM_MIDDLE",
      "coords": [
        169.25,
        -40.5
      ],
      "settings": {
        "TREVOR_TRACKED_ENTITY_PROXIMITY_INDICATOR": true,
        "TREVOR_HIGHLIGHT_TRACKED_ENTITY": true,
        "TREVOR_SHOW_QUEST_COOLDOWN": true,
        "TREVOR_BETTER_NAMETAG": true
      }
    },
    "FETCHUR_TODAY": {
      "value": false,
      "anchorPoint": "TOP_RIGHT",
      "coords": [
        -182.33331,
        70.0
      ],
      "color": -11141291,
      "settings": {
        "SHOW_FETCHUR_ONLY_IN_DWARVENS": true,
        "SHOW_FETCHUR_ITEM_NAME": false,
        "SHOW_FETCHUR_INVENTORY_OPEN_ONLY": false,
        "WARN_WHEN_FETCHUR_CHANGES": false
      }
    },
    "STOP_RAT_SOUNDS": {
      "value": false,
      "settings": {
        "STOP_ONLY_RAT_SQUEAK": false
      }
    },
    "VOIDGLOOM_SLAYER_TRACKER": {
      "value": false,
      "anchorPoint": "TOP_RIGHT",
      "coords": [
        -216.0,
        87.0
      ],
      "color": -1,
      "settings": {
        "VOIDGLOOM_TRACKER_TEXT_MODE": false,
        "VOIDGLOOM_TRACKER_COLOR_BY_RARITY": true,
        "HIDE_WHEN_NOT_IN_END": true
      }
    },
    "HIDE_PLAYERS_NEAR_NPCS": {
      "value": false
    },
    "OVERFLOW_MANA": {
      "value": false,
      "anchorPoint": "BOTTOM_MIDDLE",
      "coords": [
        100.0,
        -47.0
      ],
      "color": -16733526
    },
    "DISABLE_EMPTY_GLASS_PANES": {
      "value": true
    },
    "ENTITY_OUTLINES": {
      "value": true,
      "settings": {
        "TREVOR_HIGHLIGHT_TRACKED_ENTITY": true,
        "OUTLINE_DUNGEON_TEAMMATES": true,
        "ITEM_GLOW": true,
        "OUTLINE_SHOWCASE_ITEMS": true
      }
    },
    "EFFECTIVE_HEALTH_TEXT": {
      "value": false,
      "anchorPoint": "BOTTOM_MIDDLE",
      "coords": [
        114.0,
        -27.0
      ],
      "color": -16733696,
      "settings": {
        "EFFECTIVE_HEALTH_TEXT_ICON": false
      }
    },
    "OTHER_DEFENCE_STATS": {
      "value": true,
      "anchorPoint": "BOTTOM_MIDDLE",
      "coords": [
        115.25,
        -37.0
      ],
      "color": -11141291
    },
    "PREVENT_MOVEMENT_ON_DEATH": {
      "value": true
    },
    "HIDE_SPAWN_POINT_PLAYERS": {
      "value": false
    },
    "SPIRIT_SCEPTRE_DISPLAY": {
      "value": false,
      "anchorPoint": "TOP_MIDDLE",
      "coords": [
        -177.0,
        20.0
      ],
      "color": -5592406,
      "settings": {
        "DISABLE_SPIRIT_SCEPTRE_MESSAGES": true
      }
    },
    "FARM_EVENT_TIMER": {
      "value": false,
      "anchorPoint": "TOP_RIGHT",
      "coords": [
        -41.0,
        47.5
      ],
      "color": -22016,
      "settings": {
        "FARM_EVENT_TIMER_IN_OTHER_GAMES": true
      }
    },
    "OUTBID_ALERT_SOUND": {
      "value": false,
      "settings": {
        "OUTBID_ALERT_SOUND_IN_OTHER_GAMES": true
      }
    },
    "BROOD_MOTHER_ALERT": {
      "value": true
    },
    "BAL_BOSS_ALERT": {
      "value": false
    },
    "BACKPACK_OPENING_SOUND": {
      "value": true
    },
    "DEVELOPER_MODE": {
      "value": false
    },
    "SHOW_SKYBLOCK_ITEM_ID": {
      "value": false
    },
    "PLAYER_SYMBOLS_IN_CHAT": {
      "value": true,
      "settings": {
        "SHOW_PROFILE_TYPE": true,
        "SHOW_NETHER_FACTION": true
      }
    },
    "CRIMSON_ARMOR_ABILITY_STACKS": {
      "value": false,
      "anchorPoint": "BOTTOM_MIDDLE",
      "coords": [
        0.3333435,
        -88.83334
      ],
      "color": -22016
    },
    "HIDE_TRUE_DEFENSE": {
      "value": true,
      "anchorPoint": "BOTTOM_MIDDLE",
      "color": -43691
    },
    "INFERNO_SLAYER_TRACKER": {
      "value": false,
      "anchorPoint": "TOP_RIGHT",
      "coords": [
        -216.0,
        87.0
      ],
      "color": -1,
      "settings": {
        "INFERNO_TRACKER_TEXT_MODE": false,
        "INFERNO_TRACKER_COLOR_BY_RARITY": true,
        "HIDE_WHEN_NOT_IN_CRIMSON": true
      }
    },
    "RIFTSTALKER_SLAYER_TRACKER": {
      "value": false,
      "anchorPoint": "TOP_RIGHT",
      "coords": [
        -167.0,
        31.0
      ],
      "color": -1,
      "settings": {
        "RIFTSTALKER_TRACKER_TEXT_MODE": false,
        "RIFTSTALKER_TRACKER_COLOR_BY_RARITY": true,
        "HIDE_WHEN_NOT_IN_RIFT": true
      }
    },
    "FIRE_FREEZE_TIMER": {
      "value": false,
      "anchorPoint": "TOP_MIDDLE",
      "coords": [
        0.0,
        96.0
      ],
      "guiScale": 2.0,
      "color": -171,
      "settings": {
        "FIRE_FREEZE_SOUND": true,
        "FIRE_FREEZE_WHEN_HOLDING": true
      }
    },
    "HIDE_HAUNTED_SKULLS": {
      "value": false
    },
    "THUNDER_BOTTLE_DISPLAY": {
      "value": false,
      "anchorPoint": "BOTTOM_RIGHT",
      "coords": [
        -48.5,
        -11.6666565
      ],
      "color": -5635926,
      "settings": {
        "ABBREVIATE_THUNDER_DISPLAYS_DENOMINATOR": false
      }
    },
    "PET_DISPLAY": {
      "value": true,
      "anchorPoint": "TOP_MIDDLE",
      "coords": [
        195.25,
        31.0
      ],
      "color": -22016,
      "settings": {
        "PET_ITEM_STYLE": "SHOW_ITEM"
      }
    },
    "PRESSURE_BAR": {
      "value": false,
      "anchorPoint": "BOTTOM_MIDDLE",
      "coords": [
        0.0,
        -117.5
      ],
      "color": -11184641,
      "settings": {
        "PRESSURE_BAR_ALERT": true
      }
    },
    "PRESSURE_TEXT": {
      "value": false,
      "anchorPoint": "BOTTOM_MIDDLE",
      "coords": [
        0.0,
        -123.5
      ],
      "color": -11184641,
      "settings": {
        "PRESSURE_TEXT_ALERT": true,
        "PRESSURE_TEXT_ICON": true
      }
    },
    "HIDE_EFFECTS_HUD": {
      "value": false
    },
    "EQUIPMENTS_IN_INVENTORY": {
      "value": false,
      "color": -1,
      "settings": {
        "PET_PANEL": true
      }
    },
    "WARNING_TIME": {
      "value": 4
    },
    "LANGUAGE": {
      "value": "ENGLISH"
    },
    "EDIT_LOCATIONS": {
      "value": true
    },
    "RESET_LOCATION": {
      "value": true
    },
    "RESCALE_FEATURES": {
      "value": true
    },
    "GENERAL_SETTINGS": {
      "value": true
    },
    "TEXT_STYLE": {
      "value": "STYLE_ONE"
    },
    "CHROMA_SPEED": {
      "value": 6.0
    },
    "CHROMA_MODE": {
      "value": "FADE"
    },
    "CHROMA_SIZE": {
      "value": 30.0
    },
    "CHROMA_SATURATION": {
      "value": 0.75
    },
    "CHROMA_BRIGHTNESS": {
      "value": 0.9
    },
    "TURN_ALL_FEATURES_CHROMA": {
      "value": false
    },
    "NUMBER_SEPARATORS": {
      "value": true
    },
    "TURN_ALL_TEXTS_CHROMA": {
      "value": false
    },
    "ENABLE_FEATURE_SNAPPING": {
      "value": true
    },
    "SHOW_COLOR_ICONS": {
      "value": false
    },
    "AUTO_UPDATE": {
      "value": "STABLE"
    },
    "FULL_AUTO_UPDATE": {
      "value": false
    },
    "CHAT_MESSAGE_COPYING": {
      "value": false
    }
  }
}