{"wardrobe-keybinds":false,"change-page":{"button":{"keyCode":257},"modifiers":{"modifiers":0}},"next-page":{"button":{"keyCode":68},"modifiers":{"modifiers":0}},"previous-page":{"button":{"keyCode":65},"modifiers":{"modifiers":0}},"slot-1":{"button":{"keyCode":49},"modifiers":{"modifiers":0}},"slot-2":{"button":{"keyCode":50},"modifiers":{"modifiers":0}},"slot-3":{"button":{"keyCode":51},"modifiers":{"modifiers":0}},"slot-4":{"button":{"keyCode":52},"modifiers":{"modifiers":0}},"slot-5":{"button":{"keyCode":53},"modifiers":{"modifiers":0}},"slot-6":{"button":{"keyCode":54},"modifiers":{"modifiers":0}},"slot-7":{"button":{"keyCode":55},"modifiers":{"modifiers":0}},"slot-8":{"button":{"keyCode":56},"modifiers":{"modifiers":0}},"slot-9":{"button":{"keyCode":57},"modifiers":{"modifiers":0}},"allow-unequipping":true}