{
  "name": "1440p_default_configs",
  "description": "Includes pre-configured settings for mods in the SkyBlock Enhanced modpack to improve gameplay and give you a smooth start without overlapping features or confusion.",
  "version": "2.2.0",
  "author": "Kd_Gaming1",
  "createdDate": "2025-11-03T15:10:25.4694838",
  "targetResolution": "2560×1440",
  "mods": [
    "BadOptimizations-2.3.1-1.21.6-21.8",
    "BetterF3-15.0.0-Fabric-1.21.6",
    "Controlling-fabric-1.21.8-26.0.3",
    "Firmament-3.11.0+mc1.21.7",
    "Gamma-Utils-2.3.6+mc1.21.8",
    "ImmediatelyFast-Fabric-1.12.2+1.21.8",
    "NoChatReports-FABRIC-1.21.8-v2.15.0",
    "PackCore-3.1.0+1.21.8-fabric",
    "RoughlyEnoughItems-20.0.811-fabric",
    "Searchables-fabric-1.21.8-1.0.2",
    "SkyBlockPV-1.5.0-1.21.8",
    "SkyHanni-5.0.0-mc1.21.8",
    "SkyOcean-1.10.1-1.21.8",
    "SkyblockTweaks-0.1.0-Alpha.17+mc1.21.6",
    "Zoomify-2.14.6+1.21.6",
    "architectury-17.0.8-fabric",
    "authme-fabric-9.0.1+1.21.7",
    "bazaarutils-v0.6.0-beta+mc1.21.6",
    "bobby-5.2.9+mc1.21.6",
    "c2me-fabric-mc1.21.8-0.3.5+alpha.0.8",
    "centered-crosshair+1.21.6-1.2.0",
    "chatpatches-8.0-alpha.5+1.21.8-fabric",
    "cloth-config-19.0.147-fabric",
    "continuity-3.0.1-beta.1+1.21.6",
    "cwb-fabric-3.0.0+mc1.21.5",
    "debugify-1.21.8+1.0",
    "emoji-type-2.3.2-1.21.6-fabric",
    "entityculling-fabric-1.9.3-mc1.21.8",
    "fabric-api-0.136.0+1.21.8",
    "fabric-language-kotlin-1.13.7+kotlin.2.2.21",
    "ferritecore-8.0.0-fabric",
    "forcecloseloadingscreen-2.3.0",
    "fzzy_config-0.7.3+1.21.6",
    "iris-fabric-1.9.6+mc1.21.8",
    "krypton-0.2.9",
    "language-reload-1.7.4+1.21.6",
    "lithium-fabric-0.18.1+mc1.21.8",
    "modelfix-1.21.5-1.12-fabric",
    "modernwarpmenu-0.1.7+1.21.8",
    "modmenu-15.0.0",
    "moreculling-fabric-1.21.8-1.4.0-beta.2",
    "no-resource-pack-warnings-1.3.1",
    "nodoublesneak-mc1.20-1.1",
    "owo-lib-0.12.23+1.21.8",
    "particle_core-0.2.6+1.21.6",
    "placeholder-api-2.7.2+1.21.8",
    "reeses-sodium-options-fabric-1.8.4+mc1.21.6",
    "rei-search-bar-calculations-1.0.2+1.21.6-8",
    "scaleme-2.1.2+1.21.6",
    "skinlayers3d-fabric-1.9.2-mc1.21.8",
    "skyblocker-5.8.0+1.21.8",
    "sodium-extra-fabric-0.7.0+mc1.21.8",
    "sodium-fabric-0.7.2+mc1.21.8",
    "soundcontroller-1.2.3-mc1.21.6",
    "spark-1.10.142-fabric",
    "threadtweak-fabric-0.1.7+mc1.21.5",
    "tooltip-scroll-1.4.1+1.21.6",
    "vmp-fabric-mc1.21.8-0.2.0+beta.7.207-all",
    "waveycapes-fabric-1.7.0-mc1.21.8",
    "yet_another_config_lib_v3-3.7.1+1.21.6-fabric",
    "zen-1.21.7-fabric-1.1.8"
  ],
  "source": "Community"
}