{"contents":{"ENCHANTED_ICE":2433,"ENCHANTED_PACKED_ICE":100,"ENCHANTED_SNOW_BLOCK":15680,"GLACIAL_FRAGMENT":112,"GREEN_GIFT":170,"BLUE_ICE_HUNK":28,"ICE_HUNK":360,"ICE":8406,"PACKED_ICE":6535,"PARTY_GIFT":0,"SNOW_BLOCK":2169,"SNOW_BALL":3596,"WALNUT":6,"WHITE_GIFT":1033,"WINTER_FRAGMENT":0,"RED_GIFT":28,"VOLCANIC_ROCK":0,"ENCHANTED_CLAY_BALL":3,"ENCHANTED_CLAY_BLOCK":0,"ENCHANTED_COOKED_FISH":47,"ENCHANTED_COOKED_SALMON":6,"ENCHANTED_INK_SACK":0,"ENCHANTED_WATER_LILY":0,"ENCHANTED_PRISMARINE_CRYSTALS":1024,"ENCHANTED_PRISMARINE_SHARD":1021,"ENCHANTED_PUFFERFISH":1775,"ENCHANTED_RAW_FISH":2364,"ENCHANTED_RAW_SALMON":3177,"ENCHANTED_SHARK_FIN":3,"ENCHANTED_SPONGE":893,"ENCHANTED_CLOWNFISH":635,"ENCHANTED_WET_SPONGE":27,"BLAZE_POWDER":0,"COAL":15710,"CUP_OF_BLOOD":0,"FLAMING_HEART":0,"FRIED_FEATHER":0,"MAGMA_FISH_GOLD":0,"HORN_OF_TAURUS":0,"LAVA_SHELL":0,"LUMP_OF_MAGMA":0,"MAGMA_CREAM":12547,"MAGMA_FISH":44,"MOOGMA_PELT":0,"NETHERRACK":41973,"ORB_OF_ENERGY":0,"PYROCLASTIC_SCALE":0,"SCORCHED_CRAB_STICK":0,"MAGMA_FISH_SILVER":0,"SINGED_POWDER":0,"THUNDER_SHARDS":0,"EGG":498,"FEATHER":1304,"LEATHER":170,"RABBIT_HIDE":2928,"RABBIT_FOOT":1474,"RAW_BEEF":1704,"RAW_CHICKEN":551,"MUTTON":8442,"PORK":492,"RABBIT":1244,"WOOL":7972,"BROWN_MUSHROOM":19087,"CACTUS":1287,"INK_SACK-2":18560,"CARROT_ITEM":18884,"INK_SACK-3":18690,"COMPOST":118,"CROPIE":606,"GOLDEN_CARROT":14964,"HAY_BLOCK":18753,"JACK_O_LANTERN":0,"MELON":6059,"NETHER_STALK":20159,"POISONOUS_POTATO":32,"POTATO_ITEM":19173,"PUMPKIN":17444,"RED_MUSHROOM":18292,"SEEDS":18637,"SQUASH":55,"SUGAR_CANE":18720,"WHEAT":18519,"ROUGH_JADE_GEM":922912,"ROUGH_AMBER_GEM":120418,"ROUGH_TOPAZ_GEM":687903,"ROUGH_SAPPHIRE_GEM":236953,"ROUGH_AMETHYST_GEM":449991,"ROUGH_JASPER_GEM":250750,"ROUGH_RUBY_GEM":595081,"ROUGH_OPAL_GEM":76800,"ROUGH_ONYX_GEM":0,"ROUGH_AQUAMARINE_GEM":0,"ROUGH_CITRINE_GEM":1915,"ROUGH_PERIDOT_GEM":0,"COBBLESTONE":53838,"DIAMOND":53785,"EMERALD":19024,"ENDER_STONE":96,"FLINT":9396,"GLACITE":394,"GLOSSY_GEMSTONE":6,"GLOWSTONE_DUST":16262,"GOLD_INGOT":1093,"GRAVEL":16479,"HARD_STONE":59660,"IRON_INGOT":52264,"INK_SACK-4":46883,"MITHRIL_ORE":60480,"MYCEL":201,"QUARTZ":1792,"OBSIDIAN":9085,"OIL_BARREL":617,"PLASMA":0,"SAND-1":9618,"REDSTONE":26680,"REFINED_MINERAL":60,"SAND":2378,"STARFALL":1814,"STONE":47339,"TITANIUM_ORE":6907,"TREASURITE":63,"TUNGSTEN":236,"UMBER":313,"VOLTA":0}}