{
  "positions": {
    "TestHud": {
      "x": 100,
      "y": 50,
      "scale": 1.0,
      "enabled": false,
      "backgroundEnabled": false,
      "backgroundOpacity": 40
    },
    "TreeProgressHud": {
      "x": 100,
      "y": 190,
      "scale": 1.0,
      "enabled": true,
      "backgroundEnabled": false,
      "backgroundOpacity": 40
    },
    "GalateaTracker": {
      "x": 10,
      "y": 10,
      "scale": 1.0,
      "enabled": true,
      "backgroundEnabled": false,
      "backgroundOpacity": 40
    },
    "BonusGiftsTracker": {
      "x": 10,
      "y": 40,
      "scale": 1.0,
      "enabled": true,
      "backgroundEnabled": false,
      "backgroundOpacity": 40
    },
    "ScathaTracker": {
      "x": 10,
      "y": 60,
      "scale": 1.0,
      "enabled": true,
      "backgroundEnabled": false,
      "backgroundOpacity": 40
    }
  }
}