{
  "health": {
    "colors": [
      "ff0000",
      "ffdc00"
    ],
    "text_color": "ff5555",
    "size": 6,
    "anchor": "HOTBAR_TOP",
    "x": 0,
    "y": 0,
    "icon_position": "LEFT",
    "text_position": "BAR_CENTER",
    "show_max": false,
    "show_overflow": false
  },
  "intelligence": {
    "colors": [
      "00ffff",
      "b400ff"
    ],
    "text_color": "55ffff",
    "size": 6,
    "anchor": "HOTBAR_TOP",
    "x": 1,
    "y": 0,
    "icon_position": "LEFT",
    "text_position": "BAR_CENTER",
    "show_max": false,
    "show_overflow": false
  },
  "defense": {
    "colors": [
      "ffffff"
    ],
    "text_color": "b9b9b9",
    "size": 2,
    "anchor": "HOTBAR_RIGHT",
    "x": 0,
    "y": 0,
    "icon_position": "LEFT",
    "text_position": "BAR_CENTER",
    "show_max": false,
    "show_overflow": false
  },
  "experience": {
    "colors": [
      "64e646"
    ],
    "text_color": "80ff20",
    "size": 12,
    "anchor": "HOTBAR_TOP",
    "x": 0,
    "y": 2,
    "icon_position": "LEFT",
    "text_position": "BAR_CENTER",
    "show_max": false,
    "show_overflow": false
  },
  "speed": {
    "colors": [
      "ffffff"
    ],
    "text_color": "b9b9b9",
    "size": 2,
    "anchor": "HOTBAR_LEFT",
    "x": 0,
    "y": 0,
    "icon_position": "LEFT",
    "text_position": "BAR_CENTER",
    "show_max": false,
    "show_overflow": false
  },
  "air": {
    "colors": [
      "87cefa"
    ],
    "text_color": "96e6ff",
    "size": 12,
    "anchor": "HOTBAR_TOP",
    "x": 0,
    "y": 1,
    "icon_position": "LEFT",
    "text_position": "BAR_CENTER",
    "show_max": false,
    "show_overflow": false
  }
}