{"contents":{"CONCENTRATED_STONE":4,"ENCHANTED_COAL":6312,"ENCHANTED_COAL_BLOCK":28,"ENCHANTED_COBBLESTONE":1248,"ENCHANTED_DIAMOND":13004,"ENCHANTED_DIAMOND_BLOCK":47,"ENCHANTED_EMERALD":40,"ENCHANTED_EMERALD_BLOCK":0,"ENCHANTED_ENDSTONE":790,"ENCHANTED_FLINT":8910,"ENCHANTED_GLACITE":1,"ENCHANTED_GLOWSTONE":154,"ENCHANTED_GLOWSTONE_DUST":3931,"ENCHANTED_GOLD_BLOCK":8,"ENCHANTED_GOLD":555,"ENCHANTED_HARD_STONE":18185,"ENCHANTED_ICE":2433,"ENCHANTED_IRON_BLOCK":90,"ENCHANTED_IRON":3465,"ENCHANTED_LAPIS_LAZULI":393,"ENCHANTED_LAPIS_LAZULI_BLOCK":10,"ENCHANTED_MITHRIL":593,"ENCHANTED_MYCELIUM":0,"ENCHANTED_MYCELIUM_CUBE":0,"ENCHANTED_QUARTZ":1239,"ENCHANTED_NETHERRACK":193,"ENCHANTED_OBSIDIAN":3278,"ENCHANTED_PACKED_ICE":100,"ENCHANTED_QUARTZ_BLOCK":35,"ENCHANTED_RED_SAND":43,"ENCHANTED_RED_SAND_CUBE":0,"ENCHANTED_REDSTONE_BLOCK":451,"ENCHANTED_REDSTONE":476,"ENCHANTED_SAND":182,"ENCHANTED_SNOW_BLOCK":15680,"ENCHANTED_SULPHUR":1,"ENCHANTED_SULPHUR_CUBE":0,"ENCHANTED_TITANIUM":119,"ENCHANTED_TUNGSTEN":1,"ENCHANTED_UMBER":0,"ROUGH_JADE_GEM":922912,"ROUGH_AMBER_GEM":120418,"ROUGH_TOPAZ_GEM":687903,"ROUGH_SAPPHIRE_GEM":236953,"ROUGH_AMETHYST_GEM":449991,"ROUGH_JASPER_GEM":250750,"ROUGH_RUBY_GEM":595081,"ROUGH_OPAL_GEM":76800,"ROUGH_ONYX_GEM":0,"ROUGH_AQUAMARINE_GEM":0,"ROUGH_CITRINE_GEM":1915,"ROUGH_PERIDOT_GEM":0}}