{
  "parent": "minecraft:item/bow",
  "textures": {
    "layer0": "cittofirmgenerated:item/starred_venom_touch"
  },
  "overrides": [
    {
      "predicate": {
        "pulling": 1
      },
      "model": "firmskyblock:item/starred_venoms_touch_pulling_0"
    },
    {
      "predicate": {
        "pulling": 1,
        "pull": 0.65
      },
      "model": "firmskyblock:item/starred_venoms_touch_pulling_1"
    },
    {
      "predicate": {
        "pulling": 1,
        "pull": 0.9
      },
      "model": "firmskyblock:item/starred_venoms_touch_pulling_2"
    }
  ]
}