{
	"profiles": {
		"d8039ebb-af07-4736-a7ce-2731c5ce1b98": {
			"skillLevels": {},
			"skillWisdom": {},
			"lastGaveFetchurItem": 1
		},
		"30d980a3-c41c-4bad-9e4f-742976a9e2c0": {
			"skillLevels": {},
			"skillWisdom": {
				"COMBAT": 56,
				"MINING": 20,
				"FARMING": 23,
				"FORAGING": 20,
				"FISHING": 22,
				"ENCHANTING": 21,
				"ALCHEMY": 20,
				"TAMING": 2,
				"CARPENTRY": 0,
				"RUNECRAFTING": 0,
				"SOCIAL": 0,
				"HUNTING": 0
			},
			"lastGaveFetchurItem": 1751909146002
		}
	}
}