{
	"general": {
		"noFog": false,
		"timestampBeforeMessages": false,
		"copyToClipboardRNGs": true,
		"preventDirtRoads": true,
		"hidePlayersAroundNpcs": true,
		"boosterCookieReminder": true,
		"boosterCookieReminderHours": 6,
		"godPotReminder": true,
		"preventDroppingStarredItems": true,
		"compactStarMode": "NONE"
	},
	"mining": {
		"scathaAlerts": true,
		"scathaTracker": false,
		"showOnlyInCrystalHollows": false,
		"mouseLockKeybind": true
	},
	"foraging": {
		"galateaTracker": true,
		"bonusGiftsTracker": true,
		"afkTimeout": 30,
		"preventLogStripping": true,
		"hideFloatingBlocks": true
	},
	"nether": {
		"kuudraSupplyHelper": true
	}
}